question_id;next_question_id
start_instructions;syn_instructions
syn_instructions;syn_a1
syn_a1;syn_a2
syn_a2;syn_b1
syn_b1;syn_b2
syn_b2;syn_b2
syn_b2;syn_c
syn_c;syn_c
syn_c;syn_d
syn_d;syn_e
syn_e;syn_f
syn_f;fra_instructions
fra_instructions;syn_main
syn_main;syn_e
syn_e;fra_a
fra_a;fra_b
fra_b;fra_c
fra_c;fra_c
fra_c;fra_d
fra_d;fra_e
fra_e;fra_f
fra_f;bin_a
bin_a;bin_b
bin_b;bin_c
bin_c;bin_c
bin_c;pq_a
pq_a;pq_b
pq_b;pq_main
pq_main;rul_a
rul_a;rul_a
rul_a;rul_b
rul_b;rul_c
rul_c;rul_d
rul_d;rul_e
rul_e;tri_a
tri_a;tri_b
tri_b;tri_c
tri_c;survey
survey;tri_e
start_instructions;syn_a1
syn_a1;syn_a2
syn_a2;syn_b1
syn_b1;syn_b2
syn_b2;syn_c
syn_c;syn_d
syn_d;syn_e
syn_e;syn_e
syn_e;syn_e
syn_e;syn_f
syn_f;fra_a
fra_a;fra_b
fra_b;fra_b
fra_b;fra_b
fra_b;fra_c
fra_c;fra_d
fra_d;fra_e
fra_e;fra_f
fra_f;bin_a
bin_a;bin_b
bin_b;bin_b
bin_b;bin_c
bin_c;bin_c
bin_c;bin_main
bin_main;bin_main
start_instructions;syn_instructions
syn_instructions;start_instructions
start_instructions;syn_main
syn_main;fra_instructions
fra_instructions;syn_main
syn_main;fra_a
fra_a;fra_b
fra_b;pq_instructions
pq_instructions;pq_a
start_instructions;start_instructions
start_instructions;syn_a1
syn_a1;syn_a2
syn_a2;syn_b1
syn_b1;syn_b2
syn_b2;syn_c
syn_c;syn_d
syn_d;syn_e
syn_e;syn_f
syn_f;syn_main
syn_main;syn_main
syn_main;fra_a
fra_a;survey
start_instructions;syn_a1
syn_a1;syn_a2
syn_a2;syn_b1
syn_b1;syn_b2
syn_b2;syn_c
syn_c;syn_c
syn_c;syn_d
syn_d;syn_e
syn_e;syn_f
syn_f;syn_main
syn_main;syn_main
syn_main;fra_a
fra_a;fra_b
fra_b;fra_c
fra_c;fra_d
fra_d;fra_e
fra_e;fra_f
fra_f;bin_a
bin_a;bin_b
bin_b;bin_c
bin_c;bin_main
bin_main;fra_main
fra_main;fra_main
fra_main;pq_instructions
pq_instructions;rul_instructions
rul_instructions;tri_instructions
tri_instructions;sur_instructions
sur_instructions;survey
start_instructions;syn_a1
syn_a1;syn_d
syn_d;syn_e
syn_e;syn_f
syn_f;syn_main
syn_main;syn_main
syn_main;fra_a
fra_a;fra_b
fra_b;fra_main
start_instructions;syn_a1
syn_a1;syn_a2
syn_a2;syn_b1
syn_b1;syn_b2
syn_b2;syn_c
syn_c;syn_d
syn_d;syn_e
syn_e;syn_f
syn_f;syn_main
syn_main;syn_d
syn_d;syn_main
syn_main;bin_main
bin_main;survey
start_instructions;syn_a1
syn_a1;syn_a2
syn_a2;syn_b1
syn_b1;syn_b2
syn_b2;syn_c
syn_c;syn_d
syn_d;syn_e
syn_e;syn_f
syn_f;syn_f
syn_f;syn_main
syn_main;syn_main
syn_main;fra_a
fra_a;fra_a
fra_a;fra_b
fra_b;fra_c
fra_c;fra_c
fra_c;fra_d
fra_d;fra_e
fra_e;fra_f
fra_f;bin_a
bin_a;bin_b
bin_b;bin_c
bin_c;bin_c
bin_c;survey
start_instructions;syn_a1
syn_a1;syn_a2
syn_a2;syn_b1
syn_b1;syn_b2
syn_b2;syn_c
syn_c;syn_d
syn_d;syn_e
syn_e;syn_f
syn_f;syn_main
syn_main;syn_d
syn_d;syn_main
syn_main;syn_main
syn_main;syn_main
syn_main;syn_main
syn_main;bin_main
bin_main;fra_instructions
fra_instructions;pq_instructions
pq_instructions;survey
start_instructions;syn_a1
syn_a1;syn_a2
syn_a2;syn_b2
syn_b2;syn_d
syn_d;syn_e
syn_e;syn_f
syn_f;syn_main
syn_main;fra_a
fra_a;fra_b
fra_b;fra_c
fra_c;fra_d
fra_d;fra_d
fra_d;fra_e
fra_e;fra_f
fra_f;bin_a
bin_a;bin_a
bin_a;bin_main
bin_main;fra_main
start_instructions;syn_instructions
syn_instructions;syn_b1
syn_b1;syn_a2
syn_a2;syn_a1
syn_a1;syn_b2
syn_b2;syn_c
syn_c;syn_d
syn_d;syn_e
syn_e;syn_f
syn_f;syn_main
syn_main;fra_instructions
fra_instructions;fra_a
fra_a;fra_a
fra_a;fra_b
fra_b;fra_b
fra_b;fra_c
fra_c;fra_d
fra_d;bin_main
bin_main;fra_e
fra_e;sur_instructions
start_instructions;syn_a1
syn_a1;syn_a2
syn_a2;syn_b1
syn_b1;syn_b2
syn_b2;syn_f
syn_f;syn_main
syn_main;syn_b2
syn_b2;syn_c
syn_c;syn_d
syn_d;syn_e
syn_e;syn_main
syn_main;fra_a
fra_a;fra_b
fra_b;fra_c
fra_c;survey
start_instructions;syn_instructions
syn_instructions;start_instructions
start_instructions;syn_a1
syn_a1;syn_a2
syn_a2;syn_b1
syn_b1;syn_b2
syn_b2;syn_c
syn_c;syn_d
syn_d;syn_d
syn_d;syn_e
syn_e;syn_f
syn_f;syn_main
syn_main;syn_main
syn_main;syn_main
syn_main;fra_a
fra_a;fra_b
fra_b;fra_c
fra_c;fra_d
fra_d;fra_e
fra_e;bin_main
bin_main;bin_main
bin_main;survey
survey;fra_f
start_instructions;syn_a1
syn_a1;syn_a2
syn_a2;syn_b1
syn_b1;syn_b2
syn_b2;syn_d
syn_d;syn_d
syn_d;syn_c
syn_c;syn_d
syn_d;syn_d
syn_d;syn_d
syn_d;syn_e
syn_e;syn_f
syn_f;syn_main
syn_main;syn_main
syn_main;fra_a
fra_a;fra_b
fra_b;fra_c
fra_c;fra_c
fra_c;fra_d
fra_d;fra_e
fra_e;fra_f
fra_f;bin_a
bin_a;bin_b
bin_b;bin_c
bin_c;bin_c
bin_c;bin_main
start_instructions;syn_instructions
syn_instructions;syn_main
syn_main;fra_main
fra_main;fra_main
fra_main;pq_main
pq_main;bin_main
start_instructions;syn_a1
syn_a1;syn_a1
syn_a1;syn_a2
syn_a2;syn_b1
syn_b1;syn_b2
syn_b2;syn_b2
syn_b2;syn_b2
syn_b2;syn_c
syn_c;syn_d
syn_d;syn_e
syn_e;syn_f
syn_f;bin_main
bin_main;fra_a
start_instructions;syn_a1
syn_a1;syn_a2
syn_a2;syn_b1
syn_b1;syn_b2
syn_b2;syn_c
syn_c;syn_d
syn_d;syn_e
syn_e;syn_f
syn_f;syn_main
syn_main;syn_main
syn_main;fra_a
fra_a;fra_b
fra_b;fra_c
fra_c;fra_d
start_instructions;syn_a2
syn_a2;syn_a1
syn_a1;syn_b1
syn_b1;syn_b2
syn_b2;syn_b2
syn_b2;syn_c
syn_c;syn_d
syn_d;syn_e
syn_e;syn_e
syn_e;syn_f
syn_f;syn_instructions
syn_instructions;syn_main
syn_main;fra_instructions
fra_instructions;fra_a
fra_a;fra_b
fra_b;fra_c
start_instructions;syn_a1
syn_a1;syn_a2
syn_a2;syn_b1
syn_b1;syn_b2
syn_b2;syn_c
syn_c;syn_d
syn_d;syn_e
syn_e;syn_f
syn_f;start_instructions
start_instructions;fra_instructions
start_instructions;start_instructions
start_instructions;syn_instructions
syn_instructions;syn_a1
syn_a1;syn_a2
syn_a2;syn_b1
syn_b1;syn_b2
syn_b2;syn_c
syn_c;syn_d
syn_d;syn_d
syn_d;syn_d
syn_d;syn_e
syn_e;syn_f
syn_f;syn_main
syn_main;fra_a
fra_a;fra_b
fra_b;fra_c
fra_c;fra_d
fra_d;fra_d
fra_d;fra_d
start_instructions;syn_a1
syn_a1;syn_a2
syn_a2;syn_b1
syn_b1;syn_main
syn_main;syn_main
syn_main;fra_main
fra_main;fra_main
fra_main;pq_main
start_instructions;syn_main
syn_main;fra_main
fra_main;fra_main
fra_main;pq_main
pq_main;pq_main
pq_main;rul_main
rul_main;rul_main
rul_main;tri_main
tri_main;survey
start_instructions;syn_instructions
syn_instructions;syn_a1
syn_a1;syn_a2
syn_a2;syn_b1
syn_b1;syn_b2
syn_b2;syn_c
syn_c;syn_d
syn_d;syn_e
syn_e;syn_f
syn_f;syn_d
syn_d;syn_main
syn_main;fra_instructions
fra_instructions;fra_a
fra_a;fra_b
fra_b;fra_b
fra_b;fra_b
fra_b;fra_c
fra_c;fra_d
fra_d;fra_e
fra_e;fra_e
fra_e;bin_main
bin_main;fra_f
start_instructions;syn_a1
syn_a1;syn_a2
syn_a2;syn_b1
syn_b1;syn_b2
syn_b2;syn_c
syn_c;syn_c
syn_c;syn_d
syn_d;syn_d
syn_d;syn_d
syn_d;syn_d
syn_d;syn_e
syn_e;syn_f
syn_f;syn_f
syn_f;syn_main
syn_main;fra_instructions
fra_instructions;fra_a
fra_a;fra_a
fra_a;survey
start_instructions;syn_a1
syn_a1;syn_f
syn_f;syn_a2
syn_a2;syn_b1
syn_b1;syn_b1
syn_b1;syn_b2
syn_b2;syn_b2
syn_b2;syn_b2
syn_b2;syn_c
syn_c;bin_main
start_instructions;syn_a1
syn_a1;syn_a2
syn_a2;syn_b1
syn_b1;syn_b2
syn_b2;syn_c
syn_c;syn_d
syn_d;syn_d
syn_d;syn_e
syn_e;syn_f
syn_f;syn_main
syn_main;fra_a
fra_a;fra_b
fra_b;fra_b
fra_b;fra_c
fra_c;fra_c
fra_c;fra_c
fra_c;fra_d
fra_d;fra_d
fra_d;fra_e
fra_e;fra_f
start_instructions;start_instructions
start_instructions;syn_instructions
syn_instructions;start_instructions
start_instructions;syn_a2
syn_a2;syn_b1
syn_b1;syn_b1
syn_b1;fra_a
fra_a;fra_b
fra_b;fra_c
fra_c;fra_d
fra_d;fra_e
fra_e;fra_f
fra_f;fra_f
fra_f;pq_instructions
pq_instructions;pq_main
pq_main;rul_instructions
rul_instructions;tri_a
tri_a;tri_b
tri_b;tri_c
tri_c;tri_c
start_instructions;syn_instructions
syn_instructions;syn_a1
syn_a1;syn_a2
syn_a2;syn_b1
syn_b1;syn_b2
syn_b2;syn_c
syn_c;syn_c
syn_c;syn_d
syn_d;syn_e
syn_e;syn_f
syn_f;syn_main
syn_main;fra_a
fra_a;fra_b
fra_b;fra_c
fra_c;fra_d
fra_d;fra_e
fra_e;fra_f
fra_f;bin_a
bin_a;bin_b
bin_b;bin_c
bin_c;bin_c
bin_c;bin_main
bin_main;pq_a
pq_a;pq_a
pq_a;rul_instructions
rul_instructions;rul_a
rul_a;rul_b
rul_b;rul_a
rul_a;rul_b
rul_b;rul_c
rul_c;rul_d
rul_d;rul_e
rul_e;rul_e
rul_e;tri_instructions
start_instructions;syn_a1
syn_a1;syn_a2
syn_a2;syn_b1
syn_b1;syn_b2
syn_b2;syn_c
syn_c;syn_d
syn_d;syn_e
syn_e;syn_f
syn_f;syn_f
syn_f;syn_b2
syn_b2;syn_instructions
syn_instructions;syn_f
start_instructions;syn_a1
syn_a1;syn_a2
syn_a2;syn_b1
syn_b1;syn_b2
syn_b2;syn_c
syn_c;syn_d
syn_d;syn_e
syn_e;syn_f
syn_f;syn_main
syn_main;fra_instructions
fra_instructions;fra_a
fra_a;fra_b
fra_b;fra_c
fra_c;fra_d
fra_d;fra_e
fra_e;fra_f
fra_f;bin_a
bin_a;bin_b
bin_b;bin_c
bin_c;bin_main
bin_main;fra_main
fra_main;fra_f
fra_f;fra_f
fra_f;bin_c
bin_c;fra_main
fra_main;fra_main
fra_main;pq_a
pq_a;pq_a
pq_a;pq_a
pq_a;pq_a
pq_a;pq_b
pq_b;pq_b
pq_b;pq_main
pq_main;pq_main
pq_main;pq_instructions
pq_instructions;survey
survey;pq_main
start_instructions;syn_a1
syn_a1;syn_a2
syn_a2;syn_b1
syn_b1;syn_b2
syn_b2;syn_c
syn_c;syn_d
syn_d;syn_d
syn_d;syn_e
syn_e;syn_f
syn_f;syn_main
syn_main;syn_main
syn_main;fra_a
fra_a;fra_b
fra_b;fra_b
fra_b;fra_c
fra_c;fra_c
fra_c;fra_d
fra_d;fra_e
fra_e;fra_f
fra_f;bin_a
bin_a;bin_b
bin_b;bin_c
bin_c;bin_main
bin_main;bin_main
bin_main;fra_main
fra_main;fra_main
fra_main;pq_a
pq_a;pq_b
pq_b;pq_main
pq_main;pq_main
pq_main;pq_main
start_instructions;syn_a1
syn_a1;syn_a1
syn_a1;syn_a2
syn_a2;syn_b1
syn_b1;syn_b2
syn_b2;syn_c
syn_c;syn_d
syn_d;syn_e
syn_e;syn_f
syn_f;fra_a
fra_a;fra_b
fra_b;fra_b
fra_b;fra_b
fra_b;fra_c
fra_c;fra_c
fra_c;fra_d
fra_d;fra_e
fra_e;fra_f
fra_f;fra_f
fra_f;bin_a
bin_a;bin_b
bin_b;bin_b
bin_b;bin_c
bin_c;bin_main
bin_main;pq_instructions
start_instructions;start_instructions
start_instructions;syn_a1
syn_a1;syn_a2
syn_a2;syn_b1
syn_b1;syn_b2
syn_b2;syn_c
syn_c;syn_d
syn_d;syn_e
syn_e;syn_f
syn_f;syn_main
syn_main;fra_a
fra_a;fra_b
fra_b;fra_c
fra_c;fra_c
fra_c;fra_c
fra_c;fra_c
fra_c;fra_d
fra_d;fra_d
fra_d;fra_e
fra_e;bin_a
bin_a;bin_b
bin_b;bin_c
bin_c;pq_a
pq_a;pq_b
pq_b;rul_a
rul_a;rul_a
rul_a;rul_b
rul_b;rul_c
rul_c;rul_d
rul_d;rul_e
rul_e;tri_a
tri_a;tri_b
tri_b;tri_c
tri_c;sur_instructions
start_instructions;syn_instructions
syn_instructions;syn_a1
syn_a1;syn_a2
syn_a2;syn_b1
syn_b1;syn_b2
syn_b2;syn_c
syn_c;syn_d
syn_d;syn_e
syn_e;syn_f
syn_f;syn_main
syn_main;fra_a
fra_a;fra_b
fra_b;fra_c
fra_c;fra_d
fra_d;fra_e
fra_e;fra_f
fra_f;bin_a
bin_a;bin_b
bin_b;bin_c
bin_c;bin_c
bin_c;bin_main
bin_main;pq_instructions
pq_instructions;rul_instructions
rul_instructions;rul_a
rul_a;rul_b
rul_b;rul_c
rul_c;rul_d
rul_d;rul_e
rul_e;rul_main
rul_main;tri_instructions
tri_instructions;survey
survey;tri_a
tri_a;tri_b
tri_b;tri_c
tri_c;pq_a
start_instructions;syn_a1
syn_a1;syn_a2
syn_a2;syn_b1
syn_b1;syn_b2
syn_b2;syn_c
syn_c;syn_d
syn_d;syn_e
syn_e;syn_f
syn_f;syn_f
syn_f;syn_main
syn_main;syn_instructions
syn_instructions;syn_main
syn_main;syn_main
syn_main;fra_instructions
fra_instructions;fra_a
fra_a;fra_b
fra_b;fra_b
fra_b;fra_b
fra_b;fra_b
fra_b;fra_c
fra_c;fra_d
fra_d;fra_d
fra_d;fra_e
fra_e;fra_f
fra_f;bin_a
bin_a;bin_b
bin_b;bin_c
bin_c;pq_instructions
pq_instructions;pq_a
pq_a;pq_b
start_instructions;start_instructions
start_instructions;syn_a1
syn_a1;syn_a1
syn_a1;syn_a2
syn_a2;syn_b1
syn_b1;syn_b2
syn_b2;syn_c
syn_c;syn_d
syn_d;syn_e
syn_e;syn_main
syn_main;syn_main
syn_main;bin_c
bin_c;bin_c
bin_c;bin_main
bin_main;fra_main
fra_main;pq_main
pq_main;rul_main
start_instructions;syn_instructions
syn_instructions;syn_a1
syn_a1;syn_a2
syn_a2;syn_b1
syn_b1;syn_b2
syn_b2;syn_c
syn_c;syn_d
syn_d;syn_d
syn_d;syn_d
syn_d;syn_e
syn_e;syn_f
syn_f;syn_main
syn_main;fra_instructions
fra_instructions;fra_a
fra_a;fra_a
fra_a;fra_a
fra_a;fra_b
fra_b;fra_c
fra_c;fra_c
fra_c;fra_d
fra_d;fra_e
fra_e;fra_f
fra_f;bin_a
bin_a;bin_a
bin_a;bin_b
bin_b;bin_b
start_instructions;syn_instructions
syn_instructions;syn_a1
syn_a1;syn_a1
syn_a1;syn_a2
syn_a2;syn_b1
syn_b1;syn_b2
syn_b2;syn_c
syn_c;syn_d
syn_d;syn_e
syn_e;syn_f
syn_f;bin_b
bin_b;syn_e
syn_e;syn_e
syn_e;syn_main
syn_main;fra_instructions
fra_instructions;fra_a
fra_a;fra_b
fra_b;fra_c
fra_c;fra_d
fra_d;fra_e
fra_e;fra_f
fra_f;fra_f
fra_f;fra_f
fra_f;bin_a
bin_a;bin_c
bin_c;bin_main
bin_main;fra_main
fra_main;pq_instructions
pq_instructions;pq_a
pq_a;pq_b
pq_b;pq_main
pq_main;rul_a
rul_a;rul_a
rul_a;rul_b
rul_b;rul_c
rul_c;rul_d
rul_d;tri_instructions
tri_instructions;tri_a
tri_a;tri_b
tri_b;tri_b
tri_b;survey
start_instructions;syn_a1
syn_a1;syn_a2
syn_a2;syn_b2
syn_b2;syn_d
syn_d;syn_e
syn_e;syn_f
syn_f;syn_main
syn_main;syn_c
syn_c;syn_instructions
syn_instructions;pq_main
pq_main;pq_main
pq_main;rul_main
rul_main;rul_main
rul_main;rul_main
start_instructions;syn_instructions
syn_instructions;syn_a1
syn_a1;syn_a1
syn_a1;syn_a2
syn_a2;syn_b1
syn_b1;syn_b2
syn_b2;syn_c
syn_c;syn_d
syn_d;syn_e
syn_e;syn_f
syn_f;syn_main
syn_main;fra_a
fra_a;fra_b
fra_b;fra_c
fra_c;fra_c
fra_c;fra_c
fra_c;fra_d
fra_d;fra_e
fra_e;fra_f
fra_f;bin_a
bin_a;bin_b
bin_b;bin_c
bin_c;bin_main
bin_main;bin_main
bin_main;fra_main
fra_main;fra_main
fra_main;pq_a
pq_a;pq_b
pq_b;pq_main
pq_main;pq_instructions
pq_instructions;rul_a
rul_a;rul_b
rul_b;rul_c
rul_c;rul_d
rul_d;rul_e
rul_e;rul_main
rul_main;tri_instructions
start_instructions;syn_a1
syn_a1;syn_a2
syn_a2;syn_b1
syn_b1;syn_b2
syn_b2;syn_c
syn_c;syn_d
syn_d;syn_d
syn_d;syn_e
syn_e;syn_f
syn_f;syn_main
syn_main;fra_a
fra_a;fra_b
fra_b;fra_c
fra_c;fra_d
fra_d;fra_e
fra_e;fra_f
fra_f;bin_a
bin_a;bin_b
bin_b;bin_c
bin_c;bin_main
bin_main;bin_main
bin_main;fra_main
fra_main;pq_a
pq_a;pq_a
pq_a;pq_b
pq_b;survey
survey;pq_b
start_instructions;syn_a1
syn_a1;syn_a2
syn_a2;syn_b1
syn_b1;syn_b2
syn_b2;syn_c
syn_c;syn_d
syn_d;syn_d
syn_d;syn_e
syn_e;syn_f
syn_f;syn_main
syn_main;start_instructions
start_instructions;fra_a
fra_a;fra_b
fra_b;fra_c
fra_c;fra_d
fra_d;fra_e
fra_e;fra_f
fra_f;bin_a
bin_a;bin_b
bin_b;bin_c
bin_c;bin_main
bin_main;fra_main
fra_main;pq_a
pq_a;pq_b
pq_b;pq_main
pq_main;rul_a
rul_a;rul_b
rul_b;rul_c
rul_c;rul_d
start_instructions;syn_a1
syn_a1;syn_d
syn_d;fra_instructions
fra_instructions;tri_instructions
tri_instructions;tri_a
tri_a;tri_c
tri_c;sur_instructions
sur_instructions;pq_instructions
pq_instructions;rul_instructions
start_instructions;syn_a1
syn_a1;syn_a2
syn_a2;syn_a2
syn_a2;syn_b1
syn_b1;syn_b2
syn_b2;syn_c
syn_c;syn_d
syn_d;syn_e
syn_e;syn_f
syn_f;syn_main
syn_main;syn_instructions
syn_instructions;fra_instructions
fra_instructions;fra_a
fra_a;fra_a
fra_a;fra_b
fra_b;fra_b
fra_b;fra_c
fra_c;fra_d
fra_d;fra_e
fra_e;bin_a
bin_a;bin_b
bin_b;bin_c
bin_c;bin_c
bin_c;bin_main
bin_main;fra_main
fra_main;fra_main
fra_main;pq_a
pq_a;pq_a
pq_a;pq_b
pq_b;rul_instructions
rul_instructions;rul_a
rul_a;rul_b
rul_b;rul_c
rul_c;rul_d
rul_d;rul_d
rul_d;rul_e
rul_e;survey
start_instructions;syn_main
syn_main;syn_a1
syn_a1;syn_a2
syn_a2;syn_b1
syn_b1;syn_b2
syn_b2;syn_c
syn_c;syn_d
syn_d;syn_e
syn_e;syn_e
syn_e;syn_e
syn_e;syn_e
syn_e;syn_e
syn_e;syn_f
syn_f;syn_f
syn_f;syn_main
syn_main;syn_main
syn_main;syn_main
syn_main;fra_a
fra_a;fra_b
fra_b;fra_c
fra_c;fra_d
fra_d;fra_e
fra_e;fra_f
fra_f;fra_f
start_instructions;syn_a1
syn_a1;syn_a2
syn_a2;syn_b1
syn_b1;syn_b2
syn_b2;syn_b2
syn_b2;syn_b2
syn_b2;syn_c
syn_c;syn_d
syn_d;syn_e
syn_e;syn_f
syn_f;syn_main
syn_main;syn_main
syn_main;syn_main
syn_main;syn_main
syn_main;syn_main
syn_main;syn_instructions
syn_instructions;start_instructions
start_instructions;fra_a
fra_a;fra_b
fra_b;fra_c
fra_c;fra_d
fra_d;fra_e
fra_e;fra_f
fra_f;bin_a
bin_a;bin_b
bin_b;bin_c
bin_c;bin_main
bin_main;bin_main
bin_main;fra_main
start_instructions;syn_a2
syn_a2;syn_main
syn_main;syn_instructions
syn_instructions;start_instructions
start_instructions;syn_f
syn_f;pq_main
pq_main;pq_instructions
pq_instructions;pq_main
pq_main;pq_main
pq_main;pq_main
pq_main;rul_instructions
rul_instructions;fra_main
fra_main;fra_main
fra_main;fra_main
fra_main;fra_main
fra_main;syn_main
syn_main;syn_c
syn_c;syn_c
syn_c;rul_main
rul_main;rul_main
rul_main;tri_main
tri_main;tri_main
tri_main;tri_main
tri_main;tri_main
tri_main;tri_instructions
start_instructions;syn_a1
syn_a1;syn_a2
syn_a2;syn_b1
syn_b1;syn_b2
syn_b2;syn_c
syn_c;syn_d
syn_d;syn_e
syn_e;syn_f
syn_f;syn_f
syn_f;syn_instructions
syn_instructions;syn_main
syn_main;syn_main
syn_main;syn_main
syn_main;syn_main
syn_main;syn_main
syn_main;fra_a
fra_a;fra_b
fra_b;fra_b
fra_b;fra_b
fra_b;fra_c
fra_c;fra_c
fra_c;fra_d
fra_d;fra_e
start_instructions;syn_instructions
syn_instructions;syn_a1
syn_a1;syn_a2
syn_a2;syn_b1
syn_b1;syn_b2
syn_b2;syn_c
syn_c;syn_d
syn_d;syn_e
syn_e;syn_main
start_instructions;syn_c
syn_c;syn_a1
syn_a1;syn_a2
syn_a2;syn_b1
syn_b1;syn_b2
syn_b2;syn_c
syn_c;syn_d
syn_d;syn_e
syn_e;syn_f
syn_f;syn_f
syn_f;syn_e
syn_e;syn_e
syn_e;syn_f
syn_f;syn_main
syn_main;fra_a
fra_a;fra_b
fra_b;fra_c
fra_c;fra_d
fra_d;fra_e
fra_e;fra_f
fra_f;bin_a
bin_a;bin_a
bin_a;bin_b
bin_b;bin_b
bin_b;bin_c
bin_c;bin_c
bin_c;bin_main
bin_main;bin_main
bin_main;fra_main
fra_main;fra_main
fra_main;fra_main
fra_main;pq_a
pq_a;pq_main
pq_main;survey
survey;pq_a
start_instructions;syn_a1
syn_a1;syn_a2
syn_a2;syn_b1
syn_b1;syn_b2
syn_b2;syn_c
syn_c;syn_d
syn_d;syn_e
syn_e;syn_f
syn_f;syn_main
syn_main;fra_instructions
fra_instructions;fra_main
fra_main;fra_main
fra_main;pq_main
pq_main;pq_main
pq_main;pq_main
pq_main;pq_main
pq_main;pq_main
pq_main;rul_main
rul_main;tri_main
tri_main;tri_main
start_instructions;syn_instructions
syn_instructions;syn_a1
syn_a1;syn_a2
syn_a2;syn_b1
syn_b1;syn_b2
syn_b2;syn_c
syn_c;syn_d
syn_d;syn_e
syn_e;syn_f
syn_f;syn_main
syn_main;fra_a
fra_a;fra_a
fra_a;fra_b
fra_b;fra_b
fra_b;fra_b
fra_b;fra_c
fra_c;fra_c
fra_c;fra_c
fra_c;fra_c
fra_c;fra_d
fra_d;fra_e
fra_e;fra_e
fra_e;fra_f
fra_f;fra_f
fra_f;fra_f
fra_f;bin_a
bin_a;bin_b
bin_b;bin_c
bin_c;fra_main
fra_main;fra_instructions
fra_instructions;pq_a
pq_a;pq_b
pq_b;pq_main
pq_main;pq_main
pq_main;pq_main
pq_main;survey
start_instructions;syn_a1
syn_a1;syn_a2
syn_a2;syn_b1
syn_b1;syn_main
syn_main;syn_instructions
syn_instructions;fra_a
fra_a;bin_c
bin_c;bin_main
bin_main;fra_main
fra_main;fra_instructions
fra_instructions;pq_a
pq_a;pq_b
start_instructions;syn_a1
syn_a1;syn_a2
syn_a2;syn_b1
syn_b1;syn_b2
syn_b2;syn_c
syn_c;syn_d
syn_d;syn_e
syn_e;syn_f
syn_f;syn_f
syn_f;syn_main
syn_main;syn_instructions
syn_instructions;fra_e
fra_e;fra_f
fra_f;bin_a
bin_a;bin_b
bin_b;pq_b
pq_b;rul_a
rul_a;rul_b
rul_b;rul_c
rul_c;rul_d
rul_d;rul_e
rul_e;tri_a
tri_a;tri_b
tri_b;tri_c
tri_c;survey
survey;pq_a
start_instructions;syn_instructions
syn_instructions;syn_a1
syn_a1;syn_a2
syn_a2;syn_b1
syn_b1;syn_b2
syn_b2;syn_c
syn_c;syn_d
syn_d;syn_e
syn_e;syn_f
syn_f;syn_main
syn_main;fra_instructions
fra_instructions;fra_a
fra_a;fra_b
fra_b;fra_c
fra_c;fra_b
fra_b;fra_c
fra_c;fra_d
fra_d;fra_e
fra_e;fra_f
fra_f;fra_f
fra_f;bin_a
bin_a;bin_b
bin_b;bin_c
bin_c;bin_main
bin_main;bin_main
bin_main;bin_main
bin_main;fra_main
fra_main;fra_main
fra_main;pq_instructions
pq_instructions;pq_a
pq_a;pq_b
pq_b;pq_main
pq_main;rul_instructions
rul_instructions;rul_a
rul_a;rul_b
rul_b;rul_c
rul_c;rul_d
rul_d;rul_e
rul_e;rul_main
rul_main;rul_main
rul_main;rul_main
rul_main;tri_instructions
tri_instructions;rul_c
rul_c;rul_e
rul_e;rul_e
rul_e;tri_a
tri_a;tri_b
tri_b;survey
start_instructions;syn_a1
syn_a1;syn_a2
syn_a2;syn_b1
syn_b1;syn_b2
syn_b2;syn_c
syn_c;syn_d
syn_d;syn_e
syn_e;syn_f
syn_f;syn_main
syn_main;syn_a1
syn_a1;syn_d
syn_d;syn_main
syn_main;syn_instructions
syn_instructions;fra_instructions
fra_instructions;pq_b
pq_b;pq_main
pq_main;pq_instructions
pq_instructions;tri_instructions
tri_instructions;fra_a
fra_a;fra_b
fra_b;fra_b
fra_b;rul_e
rul_e;sur_instructions
sur_instructions;survey
survey;pq_a
start_instructions;syn_a2
syn_a2;syn_b1
syn_b1;syn_b2
syn_b2;syn_b2
syn_b2;syn_c
syn_c;syn_c
syn_c;syn_d
syn_d;syn_e
syn_e;syn_f
syn_f;fra_a
fra_a;fra_b
fra_b;fra_c
fra_c;fra_d
fra_d;fra_e
fra_e;fra_instructions
fra_instructions;survey
survey;syn_a1
start_instructions;syn_a1
syn_a1;syn_a2
syn_a2;syn_b1
syn_b1;syn_b2
syn_b2;syn_c
syn_c;syn_d
syn_d;syn_e
syn_e;syn_f
syn_f;syn_main
syn_main;fra_a
fra_a;fra_b
fra_b;fra_c
fra_c;fra_d
fra_d;fra_e
fra_e;bin_c
bin_c;bin_main
bin_main;fra_main
fra_main;pq_main
pq_main;rul_instructions
rul_instructions;rul_main
rul_main;tri_main
tri_main;survey
start_instructions;syn_a1
syn_a1;syn_a1
syn_a1;syn_b1
syn_b1;syn_b2
syn_b2;syn_c
syn_c;syn_d
syn_d;syn_e
syn_e;syn_f
syn_f;syn_main
syn_main;fra_b
fra_b;fra_c
fra_c;fra_d
fra_d;fra_e
fra_e;fra_f
fra_f;bin_a
bin_a;bin_b
bin_b;bin_c
bin_c;fra_main
fra_main;fra_main
fra_main;pq_main
pq_main;rul_a
rul_a;rul_b
rul_b;rul_c
rul_c;rul_d
rul_d;rul_e
rul_e;sur_instructions
sur_instructions;tri_a
tri_a;tri_b
tri_b;tri_c
tri_c;tri_d
tri_d;survey
survey;syn_a2
start_instructions;syn_a1
syn_a1;syn_a2
syn_a2;syn_b1
syn_b1;syn_b2
syn_b2;syn_c
syn_c;syn_d
syn_d;syn_d
syn_d;syn_e
syn_e;syn_f
syn_f;syn_main
syn_main;fra_a
fra_a;fra_b
fra_b;fra_c
fra_c;fra_d
fra_d;fra_e
fra_e;fra_f
fra_f;bin_a
bin_a;bin_b
bin_b;bin_c
bin_c;bin_c
bin_c;bin_main
bin_main;fra_main
fra_main;fra_main
fra_main;pq_a
pq_a;pq_main
pq_main;survey
survey;pq_a
start_instructions;syn_a1
syn_a1;syn_a2
syn_a2;syn_b1
syn_b1;syn_b2
syn_b2;syn_c
syn_c;syn_d
syn_d;syn_d
syn_d;syn_e
syn_e;syn_f
syn_f;syn_main
syn_main;syn_main
syn_main;fra_a
fra_a;fra_b
fra_b;fra_c
fra_c;fra_d
fra_d;fra_e
fra_e;fra_f
fra_f;bin_a
bin_a;bin_b
bin_b;bin_c
bin_c;bin_main
bin_main;pq_a
pq_a;pq_a
pq_a;pq_b
pq_b;pq_b
pq_b;pq_b
pq_b;pq_b
pq_b;rul_a
rul_a;rul_b
rul_b;rul_c
rul_c;rul_d
rul_d;rul_e
rul_e;tri_a
tri_a;tri_b
tri_b;tri_c
start_instructions;syn_instructions
syn_instructions;syn_a1
syn_a1;syn_a2
syn_a2;syn_b1
syn_b1;syn_b2
syn_b2;syn_c
syn_c;syn_d
syn_d;syn_e
syn_e;syn_f
syn_f;syn_f
syn_f;pq_main
pq_main;survey
start_instructions;syn_a1
syn_a1;syn_a2
syn_a2;syn_b1
syn_b1;syn_b2
syn_b2;syn_c
syn_c;syn_d
syn_d;syn_e
syn_e;syn_f
syn_f;syn_main
syn_main;syn_main
syn_main;fra_a
fra_a;fra_b
fra_b;fra_c
fra_c;fra_d
fra_d;fra_e
fra_e;fra_f
fra_f;fra_f
fra_f;fra_f
fra_f;fra_f
fra_f;survey
start_instructions;syn_c
syn_c;syn_d
syn_d;syn_e
syn_e;syn_main
syn_main;syn_main
syn_main;fra_a
fra_a;fra_b
fra_b;fra_d
fra_d;fra_e
fra_e;bin_main
bin_main;fra_main
fra_main;bin_main
bin_main;fra_main
fra_main;rul_main
rul_main;tri_main
tri_main;survey
survey;pq_main
start_instructions;syn_a1
syn_a1;syn_a2
syn_a2;syn_b1
syn_b1;syn_instructions
syn_instructions;syn_main
syn_main;syn_main
syn_main;fra_a
fra_a;fra_b
fra_b;fra_b
fra_b;fra_c
fra_c;fra_d
fra_d;fra_e
fra_e;fra_f
fra_f;fra_main
fra_main;bin_a
bin_a;bin_b
bin_b;bin_c
bin_c;bin_c
bin_c;fra_main
fra_main;rul_instructions
rul_instructions;rul_a
rul_a;rul_a
rul_a;rul_b
rul_b;rul_c
rul_c;rul_d
rul_d;tri_instructions
tri_instructions;tri_a
tri_a;tri_a
tri_a;survey
survey;pq_a
pq_a;pq_b
pq_b;pq_main
start_instructions;syn_main
syn_main;fra_a
fra_a;fra_b
fra_b;fra_c
fra_c;fra_d
fra_d;fra_e
fra_e;fra_f
fra_f;bin_a
bin_a;bin_b
bin_b;bin_c
bin_c;fra_main
fra_main;pq_main
pq_main;rul_main
rul_main;rul_main
rul_main;tri_a
tri_a;tri_b
tri_b;tri_c
tri_c;tri_d
tri_d;tri_e
tri_e;tri_f
tri_f;tri_g
tri_g;tri_main
tri_main;survey
start_instructions;start_instructions
start_instructions;syn_main
syn_main;syn_main
syn_main;fra_main
fra_main;fra_instructions
fra_instructions;fra_a
fra_a;fra_b
fra_b;fra_b
fra_b;fra_b
fra_b;fra_c
fra_c;fra_c
fra_c;tri_instructions
tri_instructions;tri_a
tri_a;tri_b
tri_b;tri_c
tri_c;tri_d
tri_d;pq_a
start_instructions;start_instructions
start_instructions;syn_a1
syn_a1;syn_a2
syn_a2;syn_c
syn_c;syn_d
syn_d;syn_d
syn_d;syn_e
syn_e;syn_f
syn_f;syn_main
syn_main;syn_instructions
syn_instructions;syn_b2
syn_b2;fra_a
fra_a;fra_b
fra_b;fra_c
fra_c;fra_d
fra_d;fra_e
fra_e;fra_f
fra_f;fra_f
fra_f;bin_a
bin_a;bin_b
bin_b;bin_c
bin_c;bin_main
bin_main;fra_main
fra_main;fra_instructions
fra_instructions;pq_a
pq_a;pq_b
pq_b;pq_main
pq_main;pq_main
pq_main;pq_main
pq_main;pq_instructions
pq_instructions;rul_a
rul_a;rul_b
rul_b;rul_c
rul_c;rul_d
rul_d;rul_e
rul_e;survey
survey;syn_b1
start_instructions;syn_a1
syn_a1;syn_a2
syn_a2;syn_b1
syn_b1;syn_b2
syn_b2;syn_c
syn_c;syn_d
syn_d;syn_e
syn_e;syn_b2
syn_b2;syn_f
syn_f;syn_instructions
syn_instructions;fra_a
fra_a;fra_a
fra_a;fra_b
fra_b;fra_c
fra_c;syn_main
syn_main;fra_instructions
fra_instructions;fra_b
fra_b;fra_b
fra_b;rul_main
rul_main;rul_instructions
rul_instructions;tri_a
tri_a;tri_b
tri_b;survey
survey;pq_a
pq_a;pq_main
start_instructions;syn_a1
syn_a1;syn_a2
syn_a2;syn_b1
syn_b1;syn_b2
syn_b2;syn_c
syn_c;syn_d
syn_d;syn_d
syn_d;syn_e
syn_e;syn_e
syn_e;syn_f
syn_f;syn_f
syn_f;syn_main
syn_main;fra_a
fra_a;fra_b
fra_b;fra_c
fra_c;fra_d
start_instructions;syn_a1
syn_a1;syn_a2
syn_a2;syn_b1
syn_b1;syn_b2
syn_b2;syn_c
syn_c;syn_d
syn_d;syn_main
syn_main;syn_main
syn_main;syn_main
syn_main;fra_main
fra_main;pq_main
start_instructions;syn_a1
syn_a1;syn_a2
syn_a2;syn_b1
syn_b1;syn_b2
syn_b2;syn_main
syn_main;syn_main
syn_main;fra_instructions
fra_instructions;fra_a
fra_a;fra_b
fra_b;fra_c
fra_c;fra_d
fra_d;fra_e
fra_e;fra_main
fra_main;pq_main
pq_main;pq_main
pq_main;rul_instructions
rul_instructions;rul_a
rul_a;rul_a
rul_a;rul_b
rul_b;rul_c
rul_c;rul_d
rul_d;rul_e
rul_e;rul_e
rul_e;rul_main
rul_main;tri_instructions
tri_instructions;tri_a
tri_a;tri_b
tri_b;tri_c
tri_c;survey
survey;tri_d
start_instructions;syn_a1
syn_a1;syn_a2
syn_a2;syn_b1
syn_b1;syn_b2
syn_b2;syn_c
syn_c;syn_d
syn_d;syn_d
syn_d;syn_e
syn_e;syn_f
syn_f;syn_main
syn_main;fra_a
fra_a;fra_b
fra_b;fra_main
fra_main;fra_main
fra_main;pq_main
pq_main;pq_main
pq_main;rul_main
rul_main;rul_main
rul_main;rul_main
rul_main;rul_main
rul_main;tri_g
tri_g;tri_g
tri_g;tri_g
tri_g;tri_g
start_instructions;syn_a1
syn_a1;syn_a2
syn_a2;syn_b1
syn_b1;syn_b2
syn_b2;syn_c
syn_c;syn_d
syn_d;syn_e
syn_e;syn_f
syn_f;syn_main
syn_main;fra_a
fra_a;fra_b
fra_b;fra_c
fra_c;fra_d
fra_d;fra_e
fra_e;fra_f
fra_f;bin_a
bin_a;bin_a
bin_a;bin_a
bin_a;bin_b
bin_b;bin_c
bin_c;bin_c
bin_c;bin_main
bin_main;pq_instructions
pq_instructions;pq_a
pq_a;pq_b
pq_b;pq_main
pq_main;pq_main
pq_main;rul_instructions
rul_instructions;rul_a
rul_a;rul_b
rul_b;rul_c
rul_c;rul_d
rul_d;rul_e
rul_e;tri_a
tri_a;tri_b
tri_b;tri_c
tri_c;tri_d
tri_d;survey
start_instructions;syn_main
syn_main;syn_a1
syn_a1;syn_main
syn_main;fra_a
fra_a;fra_b
fra_b;fra_c
fra_c;fra_d
fra_d;fra_e
fra_e;fra_f
fra_f;bin_a
bin_a;bin_a
bin_a;bin_a
bin_a;bin_b
bin_b;bin_c
bin_c;bin_c
bin_c;bin_main
bin_main;bin_b
bin_b;bin_b
start_instructions;syn_a1
syn_a1;syn_a2
syn_a2;syn_b1
syn_b1;syn_b2
syn_b2;syn_c
syn_c;syn_d
syn_d;syn_e
syn_e;syn_f
syn_f;syn_main
syn_main;syn_instructions
syn_instructions;fra_a
fra_a;fra_b
fra_b;fra_c
fra_c;fra_d
fra_d;fra_e
fra_e;fra_f
fra_f;syn_main
syn_main;bin_a
bin_a;bin_a
bin_a;bin_b
bin_b;fra_main
fra_main;fra_main
fra_main;syn_d
syn_d;pq_a
pq_a;pq_b
pq_b;pq_main
pq_main;pq_main
pq_main;survey
start_instructions;syn_c
syn_c;syn_d
syn_d;syn_f
syn_f;syn_main
syn_main;syn_a1
syn_a1;syn_a2
syn_a2;syn_b1
syn_b1;syn_b2
syn_b2;syn_e
syn_e;fra_a
fra_a;fra_a
fra_a;fra_b
fra_b;fra_c
fra_c;fra_d
fra_d;fra_e
fra_e;fra_f
fra_f;bin_a
bin_a;bin_b
bin_b;bin_c
bin_c;fra_e
fra_e;pq_a
pq_a;pq_b
pq_b;rul_a
rul_a;rul_b
rul_b;rul_c
rul_c;rul_d
rul_d;rul_e
rul_e;rul_main
rul_main;tri_instructions
tri_instructions;survey
survey;pq_main
start_instructions;syn_a1
syn_a1;syn_a2
syn_a2;syn_b1
syn_b1;syn_main
syn_main;syn_main
syn_main;fra_main
fra_main;fra_main
fra_main;pq_main
pq_main;rul_main
rul_main;rul_main
rul_main;tri_main
tri_main;tri_main
tri_main;survey
start_instructions;start_instructions
start_instructions;fra_a
fra_a;fra_b
fra_b;fra_c
fra_c;fra_c
fra_c;fra_d
fra_d;fra_d
fra_d;fra_e
fra_e;sur_instructions
sur_instructions;pq_a
pq_a;pq_a
pq_a;pq_b
start_instructions;syn_a1
syn_a1;syn_a2
syn_a2;syn_b1
syn_b1;syn_b2
syn_b2;syn_c
syn_c;syn_d
syn_d;syn_e
syn_e;syn_f
syn_f;bin_main
start_instructions;syn_a1
syn_a1;syn_a2
syn_a2;syn_main
syn_main;fra_a
fra_a;fra_b
fra_b;bin_c
bin_c;bin_main
bin_main;fra_main
fra_main;fra_main
fra_main;rul_c
rul_c;rul_d
rul_d;tri_d
tri_d;sur_instructions
sur_instructions;tri_f
tri_f;survey
start_instructions;syn_a1
syn_a1;syn_d
syn_d;syn_e
syn_e;pq_a
start_instructions;syn_instructions
syn_instructions;syn_a1
syn_a1;syn_a2
syn_a2;syn_b1
syn_b1;syn_b2
syn_b2;syn_c
syn_c;syn_d
syn_d;syn_e
syn_e;syn_e
syn_e;syn_f
syn_f;syn_f
syn_f;fra_a
fra_a;fra_a
fra_a;fra_a
fra_a;fra_b
fra_b;fra_b
fra_b;fra_c
fra_c;fra_d
fra_d;fra_e
fra_e;fra_e
fra_e;fra_f
fra_f;bin_a
bin_a;bin_b
bin_b;bin_c
bin_c;pq_a
pq_a;pq_b
pq_b;pq_b
pq_b;pq_b
pq_b;rul_a
rul_a;rul_a
rul_a;rul_b
rul_b;rul_c
rul_c;rul_d
rul_d;rul_e
rul_e;tri_a
tri_a;tri_b
tri_b;tri_c
tri_c;survey
survey;syn_main
start_instructions;syn_instructions
syn_instructions;syn_a1
syn_a1;syn_a2
syn_a2;syn_b1
syn_b1;syn_b2
syn_b2;syn_c
syn_c;syn_d
syn_d;syn_e
syn_e;syn_f
syn_f;syn_main
syn_main;fra_instructions
fra_instructions;fra_a
fra_a;fra_a
fra_a;fra_b
fra_b;fra_c
fra_c;fra_d
fra_d;fra_e
fra_e;fra_f
fra_f;bin_a
bin_a;bin_b
bin_b;bin_c
bin_c;pq_instructions
pq_instructions;pq_a
pq_a;pq_b
pq_b;pq_main
pq_main;rul_instructions
rul_instructions;rul_a
rul_a;rul_a
rul_a;rul_c
rul_c;rul_c
rul_c;rul_d
rul_d;tri_instructions
tri_instructions;tri_a
tri_a;tri_b
tri_b;tri_c
tri_c;sur_instructions
sur_instructions;survey
start_instructions;syn_a1
syn_a1;syn_a2
syn_a2;syn_b1
syn_b1;syn_b2
syn_b2;syn_c
syn_c;syn_d
syn_d;syn_e
syn_e;syn_f
syn_f;syn_main
syn_main;syn_main
syn_main;fra_a
fra_a;fra_b
fra_b;fra_c
fra_c;fra_c
fra_c;fra_c
fra_c;fra_c
fra_c;fra_d
fra_d;fra_d
fra_d;fra_e
fra_e;fra_f
fra_f;bin_a
bin_a;bin_b
bin_b;bin_c
bin_c;bin_main
bin_main;fra_main
fra_main;fra_main
fra_main;pq_a
pq_a;pq_b
pq_b;pq_main
pq_main;rul_instructions
start_instructions;syn_a1
syn_a1;syn_a2
syn_a2;syn_b1
syn_b1;syn_b2
syn_b2;syn_c
syn_c;syn_d
syn_d;syn_e
syn_e;syn_f
syn_f;fra_a
fra_a;sur_instructions
sur_instructions;fra_c
fra_c;fra_instructions
fra_instructions;pq_a
pq_a;rul_a
rul_a;rul_b
rul_b;rul_c
rul_c;rul_d
rul_d;rul_e
rul_e;rul_e
rul_e;rul_main
start_instructions;start_instructions
start_instructions;syn_instructions
syn_instructions;syn_a1
syn_a1;syn_a2
syn_a2;syn_b1
syn_b1;syn_b2
syn_b2;syn_c
syn_c;syn_d
syn_d;syn_e
syn_e;syn_f
syn_f;syn_main
syn_main;fra_instructions
fra_instructions;fra_a
fra_a;fra_b
fra_b;fra_c
fra_c;fra_c
fra_c;fra_d
fra_d;fra_e
fra_e;fra_f
fra_f;bin_a
bin_a;bin_b
bin_b;bin_c
bin_c;bin_main
bin_main;bin_main
bin_main;fra_main
fra_main;sur_instructions
sur_instructions;survey
survey;fra_main
start_instructions;syn_a1
syn_a1;syn_a2
syn_a2;syn_b1
syn_b1;syn_main
syn_main;rul_a
rul_a;rul_a
rul_a;rul_b
rul_b;fra_e
fra_e;fra_f
fra_f;bin_a
bin_a;pq_b
pq_b;pq_main
pq_main;pq_instructions
pq_instructions;survey
survey;syn_e
start_instructions;syn_instructions
syn_instructions;syn_a1
syn_a1;syn_a2
syn_a2;syn_a1
syn_a1;syn_b1
syn_b1;syn_b2
syn_b2;syn_c
syn_c;syn_d
syn_d;syn_d
syn_d;syn_e
syn_e;fra_a
fra_a;fra_b
fra_b;fra_c
fra_c;fra_c
fra_c;fra_c
fra_c;fra_d
fra_d;fra_e
fra_e;fra_f
fra_f;fra_f
fra_f;bin_a
bin_a;pq_a
start_instructions;syn_a1
syn_a1;syn_a2
syn_a2;syn_b1
syn_b1;syn_b2
syn_b2;syn_c
syn_c;syn_c
start_instructions;syn_a1
syn_a1;syn_a2
syn_a2;syn_b1
syn_b1;syn_b2
syn_b2;syn_b2
syn_b2;syn_c
syn_c;syn_d
syn_d;syn_e
syn_e;syn_e
syn_e;syn_e
syn_e;syn_e
syn_e;syn_e
syn_e;syn_e
syn_e;syn_f
syn_f;syn_f
syn_f;syn_main
syn_main;fra_a
fra_a;fra_a
fra_a;fra_b
fra_b;fra_b
start_instructions;syn_instructions
syn_instructions;fra_a
fra_a;fra_instructions
fra_instructions;syn_a1
syn_a1;syn_a2
syn_a2;syn_b1
syn_b1;syn_b2
syn_b2;syn_c
syn_c;fra_b
fra_b;fra_c
fra_c;fra_c
fra_c;fra_d
fra_d;fra_e
fra_e;fra_f
fra_f;bin_a
bin_a;bin_b
bin_b;bin_b
bin_b;bin_c
bin_c;bin_main
bin_main;fra_main
fra_main;pq_main
pq_main;rul_main
rul_main;rul_instructions
rul_instructions;rul_main
rul_main;tri_main
tri_main;survey
survey;syn_main
start_instructions;syn_a1
syn_a1;syn_a1
syn_a1;syn_a2
syn_a2;syn_b1
syn_b1;syn_b2
syn_b2;syn_c
syn_c;syn_d
syn_d;syn_d
syn_d;syn_e
syn_e;syn_f
syn_f;syn_f
syn_f;syn_main
syn_main;syn_main
syn_main;fra_a
fra_a;fra_b
fra_b;fra_c
fra_c;fra_c
fra_c;fra_d
fra_d;fra_e
fra_e;fra_f
fra_f;bin_a
bin_a;bin_a
bin_a;bin_b
bin_b;bin_b
bin_b;bin_c
bin_c;bin_main
bin_main;pq_instructions
pq_instructions;pq_a
pq_a;pq_a
pq_a;sur_instructions
start_instructions;syn_main
syn_main;syn_main
syn_main;fra_a
fra_a;fra_b
fra_b;fra_c
fra_c;fra_d
fra_d;fra_d
fra_d;fra_e
fra_e;fra_f
fra_f;bin_a
bin_a;bin_a
bin_a;bin_b
bin_b;bin_c
bin_c;bin_main
bin_main;bin_main
bin_main;fra_main
fra_main;pq_a
pq_a;pq_b
pq_b;pq_main
pq_main;pq_main
pq_main;rul_a
rul_a;rul_a
rul_a;rul_b
rul_b;rul_c
rul_c;rul_d
rul_d;rul_e
rul_e;rul_main
start_instructions;syn_a1
syn_a1;syn_a2
syn_a2;syn_b1
syn_b1;syn_b2
syn_b2;syn_c
syn_c;syn_d
syn_d;syn_e
syn_e;syn_f
syn_f;syn_main
syn_main;syn_main
syn_main;bin_a
bin_a;bin_b
bin_b;bin_c
bin_c;bin_main
bin_main;fra_main
fra_main;pq_b
pq_b;rul_instructions
rul_instructions;rul_c
rul_c;rul_d
start_instructions;syn_a1
syn_a1;syn_a2
syn_a2;syn_b1
syn_b1;syn_b2
syn_b2;syn_b2
syn_b2;syn_c
syn_c;syn_d
syn_d;syn_e
syn_e;syn_f
syn_f;syn_f
syn_f;syn_main
syn_main;syn_instructions
syn_instructions;syn_main
syn_main;fra_a
fra_a;fra_b
fra_b;fra_b
fra_b;fra_c
fra_c;fra_d
fra_d;fra_e
fra_e;fra_f
fra_f;bin_a
bin_a;bin_a
bin_a;bin_b
bin_b;bin_c
bin_c;bin_c
bin_c;bin_main
bin_main;fra_main
fra_main;pq_a
pq_a;pq_b
pq_b;pq_main
pq_main;rul_main
rul_main;tri_main
tri_main;survey
start_instructions;syn_a1
syn_a1;start_instructions
start_instructions;syn_d
syn_d;syn_e
syn_e;syn_f
syn_f;syn_main
syn_main;syn_main
syn_main;fra_a
fra_a;fra_e
fra_e;fra_f
fra_f;bin_a
bin_a;bin_b
bin_b;bin_c
bin_c;bin_c
bin_c;bin_main
bin_main;fra_main
fra_main;pq_main
pq_main;survey
survey;syn_a1
syn_a1;pq_main
start_instructions;syn_main
syn_main;syn_instructions
syn_instructions;fra_instructions
fra_instructions;fra_a
fra_a;fra_b
fra_b;fra_c
fra_c;fra_c
fra_c;fra_d
fra_d;fra_e
fra_e;fra_main
fra_main;fra_f
fra_f;fra_f
fra_f;bin_a
bin_a;bin_main
bin_main;fra_main
fra_main;pq_main
pq_main;pq_main
pq_main;rul_instructions
rul_instructions;rul_a
rul_a;rul_c
rul_c;rul_d
rul_d;rul_d
rul_d;rul_e
rul_e;rul_main
rul_main;survey
start_instructions;syn_a1
syn_a1;syn_a2
syn_a2;syn_b1
syn_b1;syn_b2
syn_b2;syn_d
syn_d;syn_d
syn_d;syn_d
syn_d;syn_d
syn_d;syn_e
syn_e;syn_f
syn_f;fra_a
fra_a;fra_b
fra_b;fra_b
fra_b;fra_b
fra_b;fra_b
fra_b;fra_c
fra_c;fra_c
fra_c;fra_d
fra_d;sur_instructions
sur_instructions;fra_e
fra_e;fra_e
fra_e;rul_a
rul_a;syn_c
start_instructions;syn_a1
syn_a1;syn_a2
syn_a2;syn_b1
syn_b1;syn_b2
syn_b2;syn_c
syn_c;syn_d
syn_d;syn_e
syn_e;syn_f
syn_f;syn_main
syn_main;fra_instructions
fra_instructions;fra_a
fra_a;fra_b
fra_b;fra_a
fra_a;fra_b
fra_b;fra_d
fra_d;pq_b
pq_b;rul_a
rul_a;rul_a
rul_a;rul_a
rul_a;rul_c
rul_c;rul_c
rul_c;rul_c
rul_c;rul_d
rul_d;rul_d
rul_d;tri_instructions
tri_instructions;tri_a
tri_a;survey
survey;pq_a
pq_a;pq_b
pq_b;pq_main
pq_main;tri_a
start_instructions;syn_a1
syn_a1;syn_a2
syn_a2;syn_b1
syn_b1;syn_b2
syn_b2;syn_c
syn_c;syn_c
syn_c;syn_d
syn_d;syn_e
syn_e;syn_e
syn_e;syn_f
syn_f;syn_main
syn_main;fra_main
fra_main;pq_main
start_instructions;syn_instructions
syn_instructions;start_instructions
start_instructions;syn_b1
syn_b1;syn_a2
syn_a2;syn_a1
syn_a1;syn_b2
syn_b2;syn_c
syn_c;syn_d
syn_d;syn_e
syn_e;syn_f
syn_f;syn_main
syn_main;fra_a
fra_a;fra_b
fra_b;fra_c
fra_c;fra_d
fra_d;fra_e
fra_e;fra_f
fra_f;fra_f
fra_f;bin_a
bin_a;bin_a
bin_a;bin_b
bin_b;bin_c
bin_c;bin_main
bin_main;bin_main
bin_main;fra_main
fra_main;rul_a
rul_a;rul_b
rul_b;rul_b
rul_b;rul_c
rul_c;rul_d
rul_d;rul_e
rul_e;rul_main
rul_main;tri_instructions
tri_instructions;tri_a
tri_a;tri_a
tri_a;tri_b
tri_b;tri_b
tri_b;tri_c
tri_c;tri_d
tri_d;tri_d
tri_d;tri_d
tri_d;tri_e
tri_e;tri_e
tri_e;tri_f
tri_f;tri_g
tri_g;tri_g
tri_g;pq_b
pq_b;pq_b
pq_b;survey
survey;pq_instructions
pq_instructions;pq_a
pq_a;pq_a
pq_a;pq_a
pq_a;pq_a
pq_a;pq_a
pq_a;pq_main
start_instructions;syn_a1
syn_a1;syn_a2
syn_a2;syn_b1
syn_b1;syn_b2
syn_b2;syn_c
syn_c;syn_d
syn_d;syn_d
syn_d;syn_e
syn_e;syn_f
syn_f;syn_main
syn_main;syn_main
syn_main;fra_a
fra_a;fra_b
fra_b;fra_c
fra_c;fra_c
fra_c;fra_d
fra_d;fra_e
fra_e;fra_f
fra_f;fra_f
fra_f;bin_a
bin_a;bin_b
bin_b;bin_b
bin_b;bin_c
bin_c;bin_main
bin_main;fra_f
fra_f;fra_f
fra_f;pq_instructions
pq_instructions;pq_a
pq_a;pq_a
pq_a;pq_a
pq_a;pq_b
pq_b;survey
survey;pq_b
pq_b;pq_main
start_instructions;syn_instructions
syn_instructions;syn_a1
syn_a1;syn_a2
syn_a2;syn_b1
syn_b1;syn_b2
syn_b2;syn_c
syn_c;syn_d
syn_d;syn_e
syn_e;syn_f
syn_f;syn_main
syn_main;syn_main
syn_main;syn_main
syn_main;syn_main
syn_main;syn_main
syn_main;fra_instructions
fra_instructions;fra_a
fra_a;fra_b
fra_b;fra_c
fra_c;fra_d
fra_d;fra_e
fra_e;bin_a
bin_a;bin_main
bin_main;bin_main
bin_main;fra_main
fra_main;fra_main
fra_main;fra_main
fra_main;fra_main
fra_main;pq_instructions
pq_instructions;survey
survey;pq_main
pq_main;pq_main
start_instructions;syn_main
syn_main;fra_instructions
fra_instructions;pq_main
pq_main;rul_main
rul_main;rul_main
rul_main;syn_main
syn_main;tri_main
tri_main;tri_main
tri_main;fra_main
fra_main;fra_main
fra_main;survey
start_instructions;syn_instructions
syn_instructions;syn_main
syn_main;syn_main
syn_main;syn_a1
syn_a1;syn_a2
syn_a2;syn_b1
syn_b1;syn_c
syn_c;fra_a
fra_a;fra_a
fra_a;fra_b
fra_b;fra_c
fra_c;fra_d
fra_d;fra_e
fra_e;fra_f
fra_f;bin_a
bin_a;bin_b
bin_b;bin_c
bin_c;bin_main
bin_main;fra_main
fra_main;rul_instructions
rul_instructions;rul_a
rul_a;rul_b
rul_b;rul_c
rul_c;rul_d
rul_d;rul_e
rul_e;rul_main
rul_main;tri_a
tri_a;tri_b
tri_b;tri_c
tri_c;tri_d
tri_d;tri_e
tri_e;tri_f
tri_f;tri_g
start_instructions;syn_a1
syn_a1;syn_a2
syn_a2;syn_b1
syn_b1;syn_b1
syn_b1;syn_main
syn_main;syn_main
syn_main;fra_a
fra_a;fra_b
fra_b;fra_b
fra_b;fra_b
fra_b;syn_b2
syn_b2;syn_c
syn_c;syn_d
syn_d;syn_d
syn_d;syn_e
syn_e;syn_f
syn_f;syn_main
syn_main;syn_main
syn_main;fra_c
fra_c;fra_c
fra_c;fra_d
fra_d;fra_d
fra_d;fra_e
fra_e;fra_e
fra_e;fra_f
fra_f;fra_f
fra_f;fra_main
fra_main;bin_a
bin_a;bin_b
bin_b;bin_c
bin_c;bin_main
bin_main;tri_main
start_instructions;syn_instructions
syn_instructions;syn_a1
syn_a1;syn_a2
syn_a2;syn_b1
syn_b1;syn_b2
syn_b2;syn_c
syn_c;syn_d
syn_d;syn_e
syn_e;syn_f
syn_f;syn_main
syn_main;syn_main
syn_main;fra_main
fra_main;fra_main
fra_main;pq_main
pq_main;rul_instructions
rul_instructions;survey
start_instructions;syn_main
syn_main;fra_c
fra_c;bin_b
bin_b;fra_main
fra_main;fra_main
fra_main;pq_main
pq_main;survey
survey;fra_a
